-- ----------------------------
-- Records of users
-- ----------------------------
INSERT INTO `users` VALUES ('1', '管理员', '15001023526', '', '$2y$10$8OmrsWcrlQlsFfG3UJqnJ.3rUFTR2p9hfgaMyyb4LRsbKCpDAb6IW', '', '1', '2016-07-28', '天津', '天津', '2', '0', '0', '0', '0', '', '1', '这是个性签名', '2016-07-12 15:45:46', '2016-08-05 17:45:31');

INSERT INTO  `user_analysis`  VALUES ('1',  '1',  '0',  '0',  '0',  '0',  '0',  '0',  '0',  '0',  '0',  '0',  '',  '');

-- ----------------------------
-- Records of user_groups
-- ----------------------------
INSERT INTO `user_groups` VALUES ('1', '超级管理员', '1', '2016-08-05 17:44:41', null);

-- ----------------------------
-- Records of competence_group
-- ----------------------------
INSERT INTO `competence_group` (`id`, `competence_id`, `group_id`, `created_at`, `updated_at`) VALUES
(1, 1, 1, NULL, NULL),
(2, 2, 1, NULL, NULL),
(3, 3, 1, NULL, NULL),
(4, 4, 1, NULL, NULL),
(5, 5, 1, NULL, NULL),
(6, 6, 1, NULL, NULL),
(7, 7, 1, NULL, NULL),
(8, 8, 1, NULL, NULL),
(9, 9, 1, NULL, NULL),
(10, 10, 1, NULL, NULL),
(11, 11, 1, NULL, NULL),
(12, 12, 1, NULL, NULL),
(13, 13, 1, NULL, NULL),
(14, 14, 1, NULL, NULL),
(15, 15, 1, NULL, NULL),
(16, 16, 1, NULL, NULL),
(17, 17, 1, NULL, NULL),
(18, 18, 1, NULL, NULL),
(19, 19, 1, NULL, NULL),
(20, 20, 1, NULL, NULL),
(21, 21, 1, NULL, NULL),
(22, 22, 1, NULL, NULL),
(23, 23, 1, NULL, NULL),
(24, 24, 1, NULL, NULL),
(25, 25, 1, NULL, NULL),
(26, 26, 1, NULL, NULL),
(27, 27, 1, NULL, NULL),
(28, 28, 1, NULL, NULL),
(29, 29, 1, NULL, NULL),
(30, 30, 1, NULL, NULL),
(31, 31, 1, NULL, NULL),
(32, 32, 1, NULL, NULL),
(33, 33, 1, NULL, NULL),
(34, 34, 1, NULL, NULL),
(35, 35, 1, NULL, NULL),
(36, 36, 1, NULL, NULL),
(37, 37, 1, NULL, NULL),
(38, 38, 1, NULL, NULL),
(39, 39, 1, NULL, NULL),
(40, 40, 1, NULL, NULL),
(41, 41, 1, NULL, NULL),
(42, 42, 1, NULL, NULL),
(43, 43, 1, NULL, NULL),
(44, 44, 1, NULL, NULL),
(45, 45, 1, NULL, NULL),
(46, 46, 1, NULL, NULL),
(47, 47, 1, NULL, NULL),
(48, 48, 1, NULL, NULL),
(49, 49, 1, NULL, NULL),
(50, 50, 1, NULL, NULL),
(51, 51, 1, NULL, NULL),
(52, 52, 1, NULL, NULL),
(53, 53, 1, NULL, NULL),
(54, 54, 1, NULL, NULL),
(55, 55, 1, NULL, NULL),
(56, 56, 1, NULL, NULL),
(57, 57, 1, NULL, NULL),
(58, 58, 1, NULL, NULL),
(59, 59, 1, NULL, NULL),
(60, 60, 1, NULL, NULL),
(61, 61, 1, NULL, NULL),
(62, 62, 1, NULL, NULL),
(63, 63, 1, NULL, NULL),
(64, 64, 1, NULL, NULL),
(65, 65, 1, NULL, NULL),
(66, 66, 1, NULL, NULL),
(67, 67, 1, NULL, NULL),
(68, 68, 1, NULL, NULL),
(69, 69, 1, NULL, NULL),
(70, 70, 1, NULL, NULL),
(71, 71, 1, NULL, NULL),
(72, 72, 1, NULL, NULL),
(73, 73, 1, NULL, NULL),
(74, 74, 1, NULL, NULL),
(75, 75, 1, NULL, NULL),
(76, 76, 1, NULL, NULL),
(77, 77, 1, NULL, NULL),
(78, 78, 1, NULL, NULL),
(79, 79, 1, NULL, NULL),
(80, 80, 1, NULL, NULL),
(81, 81, 1, NULL, NULL),
(82, 82, 1, NULL, NULL),
(83, 83, 1, NULL, NULL),
(84, 84, 1, NULL, NULL),
(85, 85, 1, NULL, NULL),
(86, 86, 1, NULL, NULL),
(87, 87, 1, NULL, NULL),
(88, 88, 1, NULL, NULL),
(89, 89, 1, NULL, NULL),
(90, 90, 1, NULL, NULL),
(91, 91, 1, NULL, NULL),
(92, 92, 1, NULL, NULL),
(93, 93, 1, NULL, NULL),
(94, 94, 1, NULL, NULL),
(95, 95, 1, NULL, NULL),
(96, 96, 1, NULL, NULL),
(97, 97, 1, NULL, NULL),
(98, 98, 1, NULL, NULL),
(99, 99, 1, NULL, NULL),
(100, 100, 1, NULL, NULL);


-- ----------------------------
-- Records of competence
-- ----------------------------
INSERT INTO `competence` (`id`, `name`, `level`, `pid`, `con`, `url_name`, `breadcrumbs`, `order`, `is_default`, `admin_id`, `created_at`, `updated_at`) VALUES
(1, '用户模块', 0, 0, '', '', '1', 100666, 0, 0, NULL, NULL),
(2, '用户管理', 1, 1, '', '', '1-2', 100, 0, 0, NULL, NULL),
(3, '权限管理', 1, 1, '', '', '1-3', 99, 0, 0, NULL, NULL),
(4, '用户列表页', 2, 2, '/admin/account/list', 'accountlist', '1-2-4', 9991, 1, 0, NULL, NULL),
(5, '用户编辑页', 2, 2, '/admin/account/edit', 'accountedit', '1-2-5', 1, 0, 0, NULL, NULL),
(6, '内容模块', 0, 0, '', '', '6', 1000, 0, 0, NULL, NULL),
(7, '问题管理', 1, 6, '', '', '6-7', 122, 0, 0, NULL, NULL),
(8, '问题列表页', 2, 7, '/admin/questions/list', 'questionslist', '6-7-8', 0, 1, 0, NULL, NULL),
(10, '文章管理', 1, 6, '', '', '6-10', 2, 0, 0, NULL, NULL),
(11, '文章列表页', 2, 10, '/admin/articles/list', 'articleslist', '6-10-11', 0, 1, 0, NULL, NULL),
(12, '权限列表', 2, 3, '/admin/competence/list', 'competencelist', '1-3-12', 0, 1, 0, NULL, NULL),
(14, '用户组管理', 1, 1, '', '', '1-14', 12, 0, 0, NULL, NULL),
(15, '工作组列表', 2, 14, 'admin/usergroup/list', 'usergrouplist', '1-14-15', 1, 1, 0, NULL, NULL),
(16, '工作编辑页面', 2, 14, 'admin/usergroup/edit', 'usergroupedit', '1-14-16', 0, 0, 0, NULL, NULL),
(17, '工作组添加页面', 2, 14, 'admin/usergroup/add', 'usergroupadd', '1-14-17', 1, 0, 0, NULL, NULL),
(19, '工作组编辑权限页面', 2, 14, 'usergroup/editcon', 'usergroupeditcon', '1-14-19', 1, 0, 0, NULL, NULL),
(20, '用户列表查询按钮', 3, 4, 'admin/ajax/account/list', 'ajaxaccountlist', '1-2-4-20', 1, 0, 0, NULL, NULL),
(21, '封禁用户按钮', 3, 4, 'admin/ajax/account/disableduser', 'ajaxaccountdisableduser', '1-2-4-21', 1, 0, 0, NULL, NULL),
(22, '编辑页提交按钮', 3, 5, 'admin/ajax/account/subedit', 'ajaxaccountsubedit', '1-2-5-22', 1, 0, 0, NULL, NULL),
(23, '权限列表获取接口', 3, 12, 'admin/ajax/competence/getList', 'ajaxcompetencegetlist', '1-3-12-23', 1, 0, 0, NULL, NULL),
(24, '权限编辑按钮', 3, 12, 'admin/ajax/competence/getone', 'ajaxcompetencegetone', '1-3-12-24', 1, 0, 0, NULL, NULL),
(25, '权限添加提交按钮', 3, 12, 'admin/ajax/competence/add', 'ajaxcompetenceadd', '1-3-12-25', 1, 0, 0, NULL, NULL),
(26, '权限编辑提交按钮', 3, 12, 'admin/ajax/competence/edit', 'ajaxcompetenceedit', '1-3-12-26', 1, 0, 0, NULL, NULL),
(28, '权限删除按钮', 3, 12, 'admin/ajax/competence/del', 'ajaxcompetencedel', '1-3-12-28', 1, 0, 0, NULL, NULL),
(29, '工作组编辑提交按钮', 3, 16, 'admin/ajax/usergroup/edit', 'ajaxgroupedit', '1-14-19-29', 1, 0, 0, NULL, NULL),
(30, '工作组添加按钮', 3, 17, 'admin/ajax/usergroup/add', 'ajaxgroupadd', '1-14-17-30', 1, 0, 0, NULL, NULL),
(31, '获取用户权限列表', 3, 19, 'admin/axaj/usergroup/getcon', 'ajaxgroupgetcon', '1-14-19-31', 1, 0, 0, NULL, NULL),
(32, '提交用户权限按钮', 3, 19, 'admin/ajax/usergroup/saveusercon', 'ajaxgroupdosave', '1-14-19-32', 1, 0, 0, NULL, NULL),
(33, '问题列表搜索按钮', 3, 8, 'admin/ajax/questions/getlist', 'ajaxquestionsgetlist', '6-7-8-33', 1, 0, 0, NULL, NULL),
(34, '问题列表页删除按钮', 3, 8, '/admin/ajax/questions/del', 'ajaxquestionsgetdel', '6-7-8-34', 1, 0, 0, NULL, NULL),
(35, '问题编辑页', 2, 7, 'questions/edit', 'questionsedit', '6-7-35', 1, 0, 0, NULL, NULL),
(36, '问题编辑提交按钮', 3, 35, 'admin/ajax/questions/edit', 'ajaxquestionsgetedit', '6-7-35-36', 1, 0, 0, NULL, NULL),
(37, '推介热门', 3, 8, 'admin/ajax/questions/hot', 'ajaxquestionsgethot', '6-7-8-37', 1, 0, 0, NULL, NULL),
(43, '获取文章列表接口', 3, 11, 'admin/ajax/articles/getlist', 'ajaxarticlesgetlist', '6-10-11-43', 1, 0, 0, NULL, NULL),
(44, '文章审核按钮', 3, 11, '/admin/ajax/articles/check', 'ajaxarticlesgetcheck', '6-10-11-44', 1, 0, 0, NULL, NULL),
(45, '文章编辑页', 2, 10, '/admin/articles/edit', 'articlesedit', '6-10-45', 1, 0, 0, NULL, NULL),
(46, '文章编辑提交按钮', 3, 45, 'admin/ajax/articles/edit', 'ajaxarticlesedit', '6-10-45-46', 1, 0, 0, NULL, NULL),
(47, '文章上传缩略图', 3, 45, 'admin/ajax/articles/upload', 'ajaxarticlesupload', '6-10-45-47', 1, 0, 0, NULL, NULL),
(48, '标签管理', 1, 6, '', '', '6-48', 0, 0, 0, NULL, NULL),
(49, '标签列表', 2, 48, 'admin/tags/list', 'taglist', '6-48-49', 1, 1, 0, NULL, NULL),
(50, '标签列表接口', 3, 49, 'admin/ajax/tags/getlis', 'ajaxtaglist', '6-48-49-50', 1, 0, 0, NULL, NULL),
(51, '标签添加按钮', 3, 49, 'admin/ajax/tags/add', 'ajaxtagadd', '6-48-49-51', 1, 0, 0, NULL, NULL),
(52, '标签编辑按钮', 3, 49, 'admin/ajax/tags/edit', 'ajaxtagedit', '6-48-49-52', 1, 0, 0, NULL, NULL),
(53, '标签删除按钮', 3, 49, 'admin/ajax/tags/del', 'ajaxtagdel', '6-48-49-53', 1, 0, 0, NULL, NULL),
(54, '标签擅长领域页', 2, 48, 'admin/tags/categories', 'tagcategories', '6-48-54', 0, 0, 0, NULL, NULL),
(55, '领域添加', 3, 54, 'admin/ajax/tags/addcategories', 'ajaxtagaddcategories', '6-48-54-55', 1, 0, 0, NULL, NULL),
(56, '领域删除', 3, 54, 'admin/ajax/tags/delcategories', 'ajaxtagdelcategories', '6-48-54-56', 1, 0, 0, NULL, NULL),
(57, '系统通知', 1, 1, '', '', '1-57', 101, 0, 0, NULL, NULL),
(58, '系统通知页', 2, 57, 'admin/notice/index', 'noticeindex', '1-57-58', 1, 1, 0, NULL, NULL),
(59, '发送通知按钮', 3, 58, 'admin/ajax/notice/send', 'ajaxnoticesend', '1-57-58-59', 1, 0, 0, NULL, NULL),
(60, '文章预览页', 2, 10, 'admin/articlesview', 'articlesview', '6-10-60', 0, 0, 0, NULL, NULL),
(63, '添加领域', 3, 54, 'admin/ajax/tags/addcategoriesinfo', 'ajaxaddcategoriesinfo', '6-48-54-63', 0, 0, 0, NULL, NULL),
(64, '编辑领域', 3, 54, 'admin/ajax/tags/editcategoriesinfo', 'ajaxeditcategoriesinfo', '6-48-54-64', 0, 0, 0, NULL, NULL),
(65, '删除领域', 3, 54, 'admin/ajax/tags/delcategoriesinfo', 'ajaxdelcategoriesinfo', '6-48-54-65', 0, 0, 0, NULL, NULL),
(66, '简历模块', 0, 0, '', '', '66', 0, 0, 0, NULL, NULL),
(67, '简历模板', 1, 66, '', '', '66-67', 100, 0, 0, NULL, NULL),
(68, '简历模板列表页', 2, 67, 'admin/template/list', 'templateindex', '66-67-68', 0, 1, 0, NULL, NULL),
(69, '列表接口', 3, 68, 'admin/ajax/template/index', 'templateajaxindex', '66-67-68-69', 0, 0, 0, NULL, NULL),
(70, '删除接口', 3, 68, 'admin/template/del', 'templateajaxdel', '66-67-68-70', 0, 0, 0, NULL, NULL),
(71, '简历模板添加页', 2, 67, 'admin/template/add', 'templateadd', '66-67-71', 0, 0, 0, NULL, NULL),
(72, '简历模板添加接口', 3, 71, 'admin/ajax/template/add', 'templateajaxadd', '66-67-71-72', 0, 0, 0, NULL, NULL),
(73, '简历模板编辑页', 2, 67, 'admin/template/edit', 'templateedit', '66-67-73', 0, 0, 0, NULL, NULL),
(74, '简历模板编辑接口', 3, 73, 'admin/ajax/template/edit', 'templateajaxedit', '66-67-73-74', 0, 0, 0, NULL, NULL),
(75, '数据维护', 1, 66, '', '', '66-75', 0, 0, 0, NULL, NULL),
(76, '简历数据维护页', 2, 75, 'admin/template/data', 'templatedata', '66-75-76', 0, 1, 0, NULL, NULL),
(77, '求职意向列表接口', 3, 76, 'admin/ajax/templatedata/professionslist', 'professionslist', '66-75-76-77', 0, 0, 0, NULL, NULL),
(78, '求职意向添加接口', 3, 76, 'admin/ajax/templatedata/professionsadd', 'professionsadd', '66-75-76-78', 0, 0, 0, NULL, NULL),
(79, '求职意向编辑接口', 3, 76, 'admin/ajax/templatedata/professionsedit', 'professionsedit', '66-75-76-79', 0, 0, 0, NULL, NULL),
(80, '求职意向删除接口', 3, 76, 'admin/ajax/templatedata/professionsdel', 'professionsdel', '66-75-76-80', 0, 0, 0, NULL, NULL),
(81, '专业列表接口', 3, 76, 'admin/ajax/templatedata/majorlist', 'majorlist', '66-75-76-81', 10, 0, 0, NULL, NULL),
(82, '专业添加接口', 3, 76, 'admin/ajax/templatedata/majoradd', 'majoradd', '66-75-76-82', 10, 0, 0, NULL, NULL),
(83, '专业编辑接口', 3, 76, 'admin/ajax/templatedata/majoredit', 'majoredit', '66-75-76-83', 10, 0, 0, NULL, NULL),
(84, '专业删除接口', 3, 76, 'admin/ajax/templatedata/majordel', 'majordel', '66-75-76-84', 10, 0, 0, NULL, NULL),
(85, '职位列表接口', 3, 76, 'admin/ajax/templatedata/positionlist', 'positionlist', '66-75-76-85', 20, 0, 0, NULL, NULL),
(86, '职位添加接口', 3, 76, 'admin/ajax/templatedata/positionadd', 'positionadd', '66-75-76-86', 20, 0, 0, NULL, NULL),
(87, '职位编辑接口', 3, 76, 'admin/ajax/templatedata/positionedit', 'positionedit', '66-75-76-87', 20, 0, 0, NULL, NULL),
(88, '职位删除接口', 3, 76, 'admin/ajax/templatedata/positiondel', 'positiondel', '66-75-76-88', 20, 0, 0, NULL, NULL),
(89, '证书列表接口', 3, 76, 'admin/ajax/templatedata/certificatelist', 'certificatelist', '66-75-76-89', 30, 0, 0, NULL, NULL),
(90, '证书添加接口', 3, 76, 'admin/ajax/templatedata/certificateadd', 'certificateadd', '66-75-76-90', 30, 0, 0, NULL, NULL),
(91, '证书编辑接口', 3, 76, 'admin/ajax/templatedata/certificateedit', 'certificateedit', '66-75-76-91', 30, 0, 0, NULL, NULL),
(92, '证书删除接口', 3, 76, 'admin/ajax/templatedata/certificatedel', 'certificatedel', '66-75-76-92', 30, 0, 0, NULL, NULL),
(93, '城市列表接口', 3, 76, 'admin/ajax/templatedata/citylist', 'citylist', '66-75-76-93', 40, 0, 0, NULL, NULL),
(94, '城市添加接口', 3, 76, 'admin/ajax/templatedata/cityadd', 'cityadd', '66-75-76-94', 40, 0, 0, NULL, NULL),
(95, '城市编辑接口', 3, 76, 'admin/ajax/templatedata/cityedit', 'cityedit', '66-75-76-95', 40, 0, 0, NULL, NULL),
(96, '城市删除接口', 3, 76, 'admin/ajax/templatedata/citydel', 'citydel', '66-75-76-96', 40, 0, 0, NULL, NULL),
(97, '擅长领域图标上传接口', 3, 54, 'admin/ajax/tags/addcategoriespic', 'ajaxaddcategoriespic', '6-48-54-97', 1, 0, 0, NULL, NULL),
(98, '邀请码管理', 1, 1, '', '', '1-4', 98, 0, 0, '2016-09-23 21:50:00', '2016-09-23 21:50:00'),
(99, '邀请码列表', 2, 98, '/admin/referralcode/list', 'referralcodelist', '1-98-99', 1, 1, 0, NULL, NULL),
(100, '生成邀请码', 3, 99, '/admin/ajax/referralcode/add', 'ajaxreferralcodeadd', '1-98-99-100', 1, 0, 0, NULL, NULL),
(101, '院校列表接口', '3', '76', 'admin/ajax/templatedata/schoollist', 'schoollist', '66-75-76-101', '50', '0', '0', NULL, NULL),
(102, '院校添加接口', '3', '76', 'admin/ajax/templatedata/schooladd', 'schooladd', '66-75-76-102', '50', '0', '0', NULL, NULL),
(103, '院校编辑接口', '3', '76', 'admin/ajax/templatedata/schooledit', 'schooledit', '66-75-76-103', '50', '0', '0', NULL, NULL),
(104, '院校删除接口', '3', '76', 'admin/ajax/templatedata/schooldel', 'schooldel', '66-75-76-104', '50', '0', '0', NULL, NULL);



-- ----------------------------
-- Records of categories
-- ----------------------------

INSERT INTO `categories` (`id`, `entity`, `order`, `pic`, `pic_hide`, `is_display`, `created_at`, `updated_at`) VALUES
(1, '产品', 7, 'gd1.png', 'gd1h.png', 0, '2016-09-17 23:27:19', '2016-09-21 02:21:58'),
(2, '设计', 6, 'gd2.png', 'gd2h.png', 0, '2016-09-17 23:27:19', '2016-09-21 02:21:58'),
(3, '运营', 5, 'gd3.png', 'gd3h.png', 0, '2016-09-17 23:27:19', '2016-09-21 02:21:58'),
(4, '市场', 4, 'gd4.png', 'gd4h.png', 0, '2016-09-17 23:27:19', '2016-09-21 02:21:58'),
(5, '技术', 3, 'gd5.png', 'gd5h.png', 0, '2016-09-17 23:27:19', '2016-09-21 02:21:58'),
(6, '金融', 2, 'gd6.png', 'gd6h.png', 0, '2016-09-17 23:27:19', '2016-09-21 02:21:58'),
(7, '求职经验', 1, 'gd7.png', 'gd6h.png', 0, '2016-09-22 02:09:25', '2016-09-24 21:00:00');


